ITEM,ITEM,nazi
well,well,62
one,one,150
enjoy,enjoy,12
shoot,shoot,38
nazi,nazi,3585
game,game,332
come,come,34
first,first,29
lot,lot,40
know,know,96
easi,easi,7
target,target,13
damn,damn,13
feel,feel,48
good,good,65
funni,funni,15
go,go,104
enemi,enemi,9
obvious,obvious,29
bad,bad,111
signific,signific,7
comment,comment,39
upvot,upvot,2
think,think,245
kill,kill,369
thing,thing,122
total,total,22
loser,loser,7
,,1032
get,get,184
point,point,93
histori,histori,17
fuck,fuck,109
given,given,16
somehow,somehow,18
benefit,benefit,3
doubt,doubt,11
realiz,realiz,12
guy,guy,40
sorri,sorri,10
offend,offend,42
unintent,unintent,1
expos,expos,2
anyon,anyon,94
problem,problem,77
deserv,deserv,14
etern,etern,2
mock,mock,6
mani,mani,67
peopl,peopl,629
salti,salti,2
make,make,297
america,america,283
free,free,142
video,video,62
find,find,29
thread,thread,26
believ,believ,48
bethesda,bethesda,33
compar,compar,49
dystopia,dystopia,2
current,current,25
trump,trump,268
sinc,sinc,43
hate,hate,64
polit,polit,179
statement,statement,30
forget,forget,11
time,time,81
murder,murder,24
order,order,18
would,would,148
told,told,4
iâ€™m,iâ€™m,10
tire,tire,5
trope,trope,1
whatâ€™,whatâ€™,1
happen,happen,33
god,god,7
anyth,anyth,38
said,said,79
tactic,tactic,3
punch,punch,84
far,far,53
right,right,264
post,post,19
look,look,31
titl,titl,6
anti,anti,95
actual,actual,200
content,content,3
fine,fine,28
care,care,20
lol,lol,18
never,never,33
push,push,8
back,back,21
extrem,extrem,13
left,left,100
glad,glad,3
rise,rise,13
arm,arm,4
defend,defend,128
ideolog,ideolog,62
deflect,deflect,2
welcom,welcom,2
touch,touch,4
show,show,24
particular,particular,5
flag,flag,47
kekistan,kekistan,3
googl,googl,2
search,search,5
love,love,18
bunch,bunch,13
fascist,fascist,38
real,real,79
face,face,21
name,name,15
comput,comput,2
seem,seem,44
childish,childish,2
knock,knock,1
way,way,74
sympath,sympath,38
support,support,197
despit,despit,6
whacko,whacko,1
top,top,10
set,set,20
tri,tri,60
anoth,anoth,13
wait,wait,18
play,play,43
simul,simul,3
2017,2017,16
klan,klan,4
men,men,7
controversi,controversi,67
slogan,slogan,123
clear,clear,45
align,align,17
ad,ad,26
wolfenstein,wolfenstein,93
alway,alway,31
slaughter,slaughter,5
nobodi,nobodi,25
complet,complet,17
head,head,12
jab,jab,7
talk,talk,81
even,even,97
refer,refer,44
also,also,75
weapon,weapon,2
allow,allow,10
accus,accus,40
someon,someon,63
agre,agre,54
presenc,presenc,3
relat,relat,18
nazism,nazism,29
eh,eh,3
let,let,32
without,without,15
baggag,baggag,2
downsid,downsid,1
call,call,383
though,though,47
gonna,gonna,11
take,take,73
scare,scare,6
type,type,9
phenomenon,phenomenon,1
see,see,89
shadow,shadow,1
imagin,imagin,13
cabal,cabal,2
conserv,conserv,82
quick,quick,4
anybodi,anybodi,11
dislik,dislik,11
simultan,simultan,3
brag,brag,3
fun,fun,6
bit,bit,18
mod,mod,3
least,least,21
littl,littl,18
annoy,annoy,4
nation,nation,28
mean,mean,104
germani,germani,53
general,general,22
wow,wow,7
beat,beat,15
dead,dead,5
hors,hors,2
surpris,surpris,11
tact,tact,1
advertis,advertis,14
els,els,20
could,could,46
reason,reason,37
angri,angri,13
nowaday,nowaday,6
select,select,2
part,part,31
societi,societi,11
joy,joy,1
stab,stab,4
assassin,assassin,2
counter,counter,10
anim,anim,2
amaz,amaz,3
debt,debt,1
everi,everi,34
soldier,soldier,9
own,own,2
100,100,10
scalp,scalp,2
want,want,95
gentlemen,gentlemen,1
drama,drama,1
mix,mix,2
wonder,wonder,9
earli,earli,5
medal,medal,3
honor,honor,3
duti,duti,1
better,better,33
got,got,27
hitler,hitler,37
meat,meat,1
stop,stop,40
popular,popular,12
young,young,2
kid,kid,10
excit,excit,1
pretti,pretti,41
cultur,cultur,13
engag,engag,6
intercours,intercours,1
beauti,beauti,2
girl,girl,1
learn,learn,6
92,92,1
still,still,37
two,two,19
decad,decad,10
later,later,4
went,went,6
fashion,fashion,3
ok,ok,19
massacr,massacr,1
maga,maga,25
similar,similar,19
case,case,16
liter,liter,144
big,big,10
deal,deal,7
consid,consid,35
1940s,1940s,4
sens,sens,17
term,term,45
becom,becom,30
market,market,54
differ,differ,39
taken,taken,15
process,process,2
execut,execut,3
rememb,rememb,18
safe,safe,8
standard,standard,6
either,either,26
interest,interest,11
shift,shift,2
leav,leav,8
curious,curious,2
use,use,123
prime,prime,3
baddi,baddi,2
port,port,1
wolf,wolf,2
3d,3d,3
ask,ask,9
gun,gun,5
fire,fire,5
fact,fact,52
climat,climat,10
sentiment,sentiment,7
yet,yet,12
wrong,wrong,39
underton,underton,3
phrase,phrase,16
probabl,probabl,44
politic,politic,6
videogam,videogam,12
need,need,45
yes,yes,41
imaginari,imaginari,1
fiction,fiction,10
awesom,awesom,2
hard,hard,22
argu,argu,17
world,world,31
throw,throw,17
word,word,39
around,around,51
flippant,flippant,1
advoc,advoc,23
violenc,violenc,82
communist,communist,31
survivor,survivor,1
understand,understand,27
disagre,disagre,58
parti,parti,56
totalitarian,totalitarian,4
regim,regim,10
war,war,31
machin,machin,6
b,b,3
that,that,12
issu,issu,42
conflat,conflat,10
wing,wing,29
purpos,purpos,2
ignor,ignor,15
caus,caus,10
bother,bother,6
charact,charact,7
cod,cod,6
wwii,wwii,18
serious,serious,23
lie,lie,13
admit,admit,4
black,black,14
white,white,128
day,day,34
trendi,trendi,1
derogatori,derogatori,1
bash,bash,5
fasc,fasc,1
becam,becam,4
entir,entir,24
german,german,29
popul,popul,8
lump,lump,1
classic,classic,9
liber,liber,48
anger,anger,6
sort,sort,7
sad,sad,12
within,within,3
context,context,28
wanna,wanna,4
hurt,hurt,13
poor,poor,7
disgust,disgust,3
idiot,idiot,13
equat,equat,22
half,half,16
us,us,63
voter,voter,8
elizabeth,elizabeth,2
warren,warren,2
frequent,frequent,3
tandem,tandem,1
say,say,248
accept,accept,11
definit,definit,24
chang,chang,17
normal,normal,17
level,level,10
qualiti,qualiti,1
discuss,discuss,20
yeah,yeah,31
sensit,sensit,4
possibl,possibl,10
label,label,48
insecur,insecur,2
enough,enough,21
crazi,crazi,7
major,major,20
year,year,37
histor,histor,7
astound,astound,2
sudden,sudden,8
2014,2014,4
25,25,1
sell,sell,9
hey,hey,13
view,view,21
larg,larg,10
portion,portion,2
american,american,69
public,public,15
wish,wish,8
side,side,61
debat,debat,13
necessarili,necessarili,4
snowflak,snowflak,4
absolut,absolut,10
shame,shame,1
almost,almost,17
might,might,34
effect,effect,6
oppos,oppos,13
hardcor,hardcor,3
follow,follow,10
legitim,legitim,9
neo,neo,169
everyon,everyon,104
start,start,42
dude,dude,18
much,much,54
mandatori,mandatori,1
apathet,apathet,1
noth,noth,33
usa,usa,9
everyth,everyth,21
anywher,anywher,6
self,self,19
awar,awar,6
buddi,buddi,3
mention,mention,17
automat,automat,3
convers,convers,4
buy,buy,13
rhetor,rhetor,13
team,team,2
conscious,conscious,1
whole,whole,30
campaign,campaign,43
done,done,16
orang,orang,2
chill,chill,3
took,took,18
tweet,tweet,16
beth,beth,2
decid,decid,13
live,live,17
rest,rest,10
long,long,16
realli,realli,74
vagu,vagu,6
associ,associ,61
develop,develop,15
elitist,elitist,1
hollywood,hollywood,1
perspect,perspect,4
opposit,opposit,14
simpli,simpli,20
someth,someth,32
movement,movement,23
over,over,2
1940,1940,5
vs,vs,13
modern,modern,33
doesnt,doesnt,1
ralli,ralli,60
wont,wont,5
contain,contain,1
basic,basic,25
evil,evil,38
limit,limit,1
hilari,hilari,4
offens,offens,8
gamerg,gamerg,3
form,form,8
err,err,1
aim,aim,3
altern,altern,14
realiti,realiti,13
neck,neck,1
great,great,55
neglect,neglect,1
knive,knive,1
new,new,14
satisfi,satisfi,2
help,help,14
vote,vote,25
strang,strang,3
paid,paid,3
era,era,4
seen,seen,25
lazi,lazi,4
choic,choic,8
russia,russia,6
north,north,3
korea,korea,2
generic,generic,2
made,made,37
kool,kool,2
aid,aid,4
man,man,16
bust,bust,2
nuanc,nuanc,4
pleas,pleas,9
explain,explain,7
worth,worth,5
mayb,mayb,43
republican,republican,56
presid,presid,25
partisanship,partisanship,1
drive,drive,6
arbeiterpartei,arbeiterpartei,1
exist,exist,29
stretch,stretch,8
appli,appli,8
includ,includ,22
eye,eye,6
five,five,1
minut,minut,2
330,330,1
000,000,5
center,center,5
sure,sure,55
feeli,feeli,1
concept,concept,7
seri,seri,7
thought,thought,22
involv,involv,6
removiong,removiong,1
univers,univers,20
activ,activ,6
ss,ss,4
trivial,trivial,2
2,2,21
dont,dont,11
cri,cri,6
hold,hold,16
certain,certain,29
life,life,21
ass,ass,8
rather,rather,16
ago,ago,16
sick,sick,5
anymor,anymor,5
espous,espous,2
ice,ice,8
cream,cream,7
parlor,parlor,2
group,group,77
collect,collect,2
lemm,lemm,1
tbh,tbh,7
iron,iron,8
argument,argument,24
ton,ton,9
rush,rush,2
tell,tell,24
youâ€™r,youâ€™r,14
hope,hope,9
reddit,reddit,10
full,full,15
internet,internet,15
racist,racist,50
legit,legit,4
leftist,leftist,19
articl,articl,15
slung,slung,2
terrorist,terrorist,6
syspect,syspect,1
stanc,stanc,13
blatant,blatant,7
save,save,3
fascism,fascism,9
undercurr,undercurr,1
desper,desper,2
best,best,9
defens,defens,13
victor,victor,1
win,win,14
write,write,3
lost,lost,4
alli,alli,11
atroc,atroc,5
posit,posit,15
~~classic,~~classic,1
liberals~~,liberals~~,1
libertarian,libertarian,3
industri,industri,7
overlook,overlook,1
media,media,19
condemn,condemn,17
controverti,controverti,1
arent,arent,3
ridicul,ridicul,12
hyperbol,hyperbol,3
claim,claim,33
donâ€™t,donâ€™t,12
deni,deni,8
nationalist,nationalist,34
work,work,13
1945,1945,1
import,import,7
didnâ€™t,didnâ€™t,5
slap,slap,3
problemw,problemw,1
ith,ith,1
killin,killin,5
next,next,5
aclu,aclu,6
suppos,suppos,19
meant,meant,7
ww2,ww2,19
regular,regular,8
wehrmacht,wehrmacht,5
solder,solder,1
dunno,dunno,4
sound,sound,18
subscrib,subscrib,3
doctrin,doctrin,1
wear,wear,15
armband,armband,4
hidden,hidden,3
sjw,sjw,9
extremist,extremist,7
draw,draw,11
1,1,15
comparison,comparison,9
attempt,attempt,10
project,project,4
onto,onto,7
celebr,celebr,7
absurd,absurd,7
vast,vast,5
frank,frank,1
non,non,20
individu,individu,2
allus,allus,2
insult,insult,15
gym,gym,1
twitter,twitter,7
blame,blame,9
reactionari,reactionari,3
escap,escap,1
exact,exact,37
itâ€™,itâ€™,21
danger,danger,9
justifi,justifi,11
appar,appar,8
wors,wors,18
rough,rough,2
50,50,6
unit,unit,15
state,state,33
crude,crude,1
humor,humor,1
sensibl,sensibl,2
stand,stand,10
oppress,oppress,1
okay,okay,14
thousand,thousand,12
bj,bj,11
attack,attack,38
superior,superior,3
worri,worri,20
appear,appear,4
behalf,behalf,1
seek,seek,1
put,put,13
death,death,13
camp,camp,7
rare,rare,3
fall,fall,5
treatment,treatment,3
armi,armi,5
protest,protest,39
bring,bring,9
slipperi,slipperi,4
slope,slope,2
fallaci,fallaci,1
sing,sing,7
age,age,5
aspect,aspect,5
manifest,manifest,1
correct,correct,10
trailer,trailer,7
bitch,bitch,6
virtual,virtual,8
turn,turn,19
moral,moral,4
panic,panic,2
clarifi,clarifi,3
fought,fought,9
eastern,eastern,3
block,block,1
countri,countri,29
taliban,taliban,1
ish,ish,2
easili,easili,4
impli,impli,27
toward,toward,10
separ,separ,6
democraci,democraci,2
kind,kind,20
govern,govern,12
implement,implement,3
mob,mob,4
99,99,2
ordinari,ordinari,1
sarcast,sarcast,1
centrist,centrist,7
style,style,3
declar,declar,2
irrelev,irrelev,5
matter,matter,22
70,70,3
run,run,9
eight,eight,1
casual,casual,2
muh,muh,1
blood,blood,6
soil,soil,9
alt,alt,43
crowd,crowd,11
trumpet,trumpet,1
person,person,51
platform,platform,7
jew,jew,15
ultim,ultim,4
till,till,1
read,read,32
coopt,coopt,6
imageri,imageri,5
richard,richard,10
spencer,spencer,11
conspiratori,conspiratori,2
perhap,perhap,5
salut,salut,20
excus,excus,12
physic,physic,9
experi,experi,1
base,base,22
tyrann,tyrann,1
fash,fash,1
repeat,repeat,2
nauseum,nauseum,1
pleasur,pleasur,1
parallel,parallel,8
instant,instant,2
im,im,1
profil,profil,1
pictur,pictur,3
patriot,patriot,3
freedom,freedom,11
warrior,warrior,2
identifi,identifi,27
4,4,3
share,share,8
boy,boy,4
children,children,1
die,die,11
berlin,berlin,1
brainwash,brainwash,1
holocaust,holocaust,5
timelin,timelin,1
teeni,teeni,1
uniron,uniron,6
true,true,18
lack,lack,5
incred,incred,8
insidi,insidi,1
elit,elit,1
commit,commit,21
heinous,heinous,1
crime,crime,7
discriminatiom,discriminatiom,1
bigotri,bigotri,2
bigot,bigot,8
trend,trend,1
dilut,dilut,1
spam,spam,1
vulner,vulner,1
mental,mental,5
plenti,plenti,9
japanes,japanes,3
offici,offici,4
swastika,swastika,20
wave,wave,20
thug,thug,3
tenant,tenant,2
belief,belief,26
near,near,7
dear,dear,1
proxi,proxi,1
unaccept,unaccept,2
ben,ben,9
shapiro,shapiro,11
hes,hes,1
amount,amount,16
scream,scream,5
shut,shut,7
fear,fear,6
lose,lose,10
intend,intend,3
pixel,pixel,2
slay,slay,1
repres,repres,6
hell,hell,11
join,join,4
flash,flash,3
doesnâ€™t,doesnâ€™t,2
stupid,stupid,12
art,art,2
commentari,commentari,5
discours,discours,7
deport,deport,1
30,30,2
act,act,26
ethnic,ethnic,8
cleans,cleans,6
system,system,6
aliv,aliv,6
stil,stil,1
super,super,3
moron,moron,7
alexand,alexand,1
explicit,explicit,8
ol,ol,4
swore,swore,2
direct,direct,19
oath,oath,2
object,object,3
repurpos,repurpos,4
ideal,ideal,9
sinist,sinist,1
strawman,strawman,1
although,although,9
social,social,22
special,special,2
must,must,9
isol,isol,1
lead,lead,6
charg,charg,2
occupi,occupi,13
forc,forc,12
weird,weird,8
david,david,1
frum,frum,1
tom,tom,1
nichol,nichol,1
wink,wink,3
cours,cours,11
uncomfort,uncomfort,4
upset,upset,44
theyr,theyr,3
arestupid,arestupid,1
yell,yell,8
emphas,emphas,1
nomorenazi,nomorenazi,4
bare,bare,1
mind,mind,12
hype,hype,3
power,power,31
mask,mask,4
incompet,incompet,4
polic,polic,5
goosestep,goosestep,3
freeli,freeli,4
guess,guess,17
dickhead,dickhead,1
kinda,kinda,12
revolv,revolv,3
second,second,7
revolut,revolut,4
women,women,4
difficult,difficult,4
especi,especi,10
school,school,1
bpb,bpb,1
de,de,2
gesellschaft,gesellschaft,1
migrat,migrat,4
old,old,12
fight,fight,34
popcorn,popcorn,1
stori,stori,16
except,except,17
redempt,redempt,1
march,march,42
alongsid,alongsid,3
shout,shout,7
trigger,trigger,6
hardlik,hardlik,1
sympathis,sympathis,6
packag,packag,1
togeth,togeth,8
charlottesvill,charlottesvill,28
hang,hang,2
odd,odd,4
bud,bud,1
semant,semant,2
mere,mere,3
suffici,suffici,1
prejudic,prejudic,2
criticis,criticis,1
distinct,distinct,4
led,led,3
uniform,uniform,8
nsdap,nsdap,2
kick,kick,9
shit,shit,39
ethno,ethno,3
line,line,15
exampl,exampl,16
give,give,32
along,along,4
woman,woman,6
hater,hater,1
prefer,prefer,3
orvill,orvill,1
choos,choos,7
bump,bump,1
local,local,2
town,town,2
boston,boston,4
speech,speech,35
identitarian,identitarian,1
speaker,speaker,2
essenti,essenti,3
sucker,sucker,2
html,html,4
uc,uc,2
berkeley,berkeley,2
riot,riot,1
everywher,everywher,12
jewish,jewish,14
denounc,denounc,12
antifa,antifa,27
instanc,instanc,3
thrown,thrown,12
quit,quit,13
mccain,mccain,1
romney,romney,1
ran,ran,5
common,common,9
behind,behind,2
preced,preced,2
opinion,opinion,21
sympathet,sympathet,9
enabl,enabl,6
plus,plus,2
venn,venn,1
diagram,diagram,1
4chan,4chan,3
user,user,2
none,none,10
rofl,rofl,2
violent,violent,29
question,question,14
main,main,5
core,core,5
socialist,socialist,29
suggest,suggest,11
worm,worm,1
victim,victim,6
pragmat,pragmat,1
auschwitz,auschwitz,2
wipe,wipe,3
slavic,slavic,2
race,race,12
starvat,starvat,1
slaveri,slaveri,3
nativ,nativ,2
today,today,14
troop,troop,3
flat,flat,1
ever,ever,15
complain,complain,17
doom,doom,1
gori,gori,1
submiss,submiss,2
justif,justif,1
bloodi,bloodi,2
solicit,solicit,1
wrap,wrap,1
closest,closest,1
nazist,nazist,2
pursu,pursu,1
pledg,pledg,1
allegi,allegi,1
oh,oh,15
uh,uh,3
huh,huh,1
sonicfan,sonicfan,1
battl,battl,2
templat,templat,1
assum,assum,18
foolish,foolish,1
other,other,10
supremacist,supremacist,52
calcul,calcul,1
establish,establish,3
connect,connect,6
whatev,whatev,10
tend,tend,5
account,account,1
specif,specif,14
version,version,3
soup,soup,1
daili,daili,2
basi,basi,3
loos,loos,2
innoc,innoc,3
aka,aka,4
random,random,18
twist,twist,3
thoughtcrim,thoughtcrim,2
car,car,4
confirm,confirm,2
heard,heard,12
varieti,varieti,2
manslaught,manslaught,1
stereotyp,stereotyp,2
misinterpret,misinterpret,1
short,short,1
anarcho,anarcho,1
acknowledg,acknowledg,2
situat,situat,5
kkk,kkk,39
member,member,9
yeeeaaahhh,yeeeaaahhh,1
broad,broad,4
rang,rang,1
singl,singl,15
hand,hand,13
defin,defin,7
answer,answer,6
success,success,5
rid,rid,3
step,step,4
place,place,21
past,past,18
chant,chant,17
bat,bat,2
inch,inch,1
sympathi,sympathi,3
isi,isi,4
forum,forum,1
poster,poster,4
1930,1930,2
soooo,soooo,1
overal,overal,1
confeder,confeder,3
co,co,10
opt,opt,9
record,record,4
pose,pose,7
threat,threat,19
proper,proper,3
hit,hit,4
brain,brain,1
neither,neither,6
nice,nice,10
misattribit,misattribit,1
idk,idk,2
maintain,maintain,2
fair,fair,21
besid,besid,3
spend,spend,3
latter,latter,5
henc,henc,2
subject,subject,10
rate,rate,2
perciev,perciev,1
perceiv,perceiv,8
supremaci,supremaci,9
plan,plan,7
reaction,reaction,12
imo,imo,1
evergreen,evergreen,1
limbaugh,limbaugh,1
feminist,feminist,3
feminazi,feminazi,2
fortun,fortun,1
protestor,protestor,3
genocid,genocid,24
fuckbag,fuckbag,1
fundamentalist,fundamentalist,1
brethren,brethren,1
infect,infect,1
percent,percent,2
alien,alien,3
skin,skin,3
color,color,1
segreg,segreg,1
congrat,congrat,2
therein,therein,1
protect,protect,16
corpor,corpor,1
glorifi,glorifi,2
lower,lower,3
class,class,3
listen,listen,5
dumb,dumb,7
knew,knew,7
extend,extend,1
scari,scari,3
militari,militari,4
control,control,16
action,action,9
perform,perform,5
â€œan,â€œan,1
likeâ€,likeâ€,1
board,board,4
train,train,2
away,away,5
manga,manga,1
expect,expect,5
dakimakura,dakimakura,1
strong,strong,4
instead,instead,14
collabor,collabor,2
occup,occup,4
idea,idea,35
footag,footag,3
outcri,outcri,1
send,send,1
messag,messag,9
aw,aw,8
paranoid,paranoid,1
topic,topic,15
punish,punish,4
organ,organ,4
event,event,6
among,among,7
like,like,16
citizen,citizen,4
simpl,simpl,17
necessari,necessari,2
horribl,horribl,6
human,human,8
cathart,cathart,1
keep,keep,21
elsewher,elsewher,1
pejor,pejor,2
terribl,terribl,4
ramif,ramif,2
outsid,outsid,4
whose,whose,2
elimin,elimin,1
300,300,9
regist,regist,2
mistak,mistak,5
educ,educ,1
late,late,7
sit,sit,6
hole,hole,1
spell,spell,4
widespread,widespread,1
unionis,unionis,2
servic,servic,3
alon,alon,4
watch,watch,5
v,v,4
wgiolgbsyvo,wgiolgbsyvo,1
grandfath,grandfath,2
felt,felt,2
bomb,bomb,4
ill,ill,3
cunt,cunt,2
solv,solv,3
unreli,unreli,1
irrat,irrat,1
racism,racism,7
parad,parad,6
indiscrimin,indiscrimin,1
nope,nope,4
mcnabb,mcnabb,1
wide,wide,1
â€,â€,2
subtl,subtl,4
therefor,therefor,6
cheap,cheap,2
asid,asid,2
troll,troll,11
horseshit,horseshit,1
spent,spent,3
dens,dens,3
pivot,pivot,1
â€œsome,â€œsome,1
arenmt,arenmt,1
nazisâ€,nazisâ€,1
â€œb,â€œb,1
illeg,illeg,6
maniac,maniac,2
whoop,whoop,1
movi,movi,6
motherfuck,motherfuck,2
recruit,recruit,2
bike,bike,2
lock,lock,2
across,across,2
poll,poll,1
evid,evid,5
21,21,2
sept,sept,2
5,5,3
aftermath,aftermath,2
ground,ground,5
edgelord,edgelord,1
critic,critic,12
error,error,3
model,model,1
antagonist,antagonist,2
stormtroop,stormtroop,2
overwhelm,overwhelm,1
mirror,mirror,3
taglin,taglin,3
sign,sign,3
combin,combin,9
factor,factor,2
load,load,1
incit,incit,4
3rd,3rd,1
pick,pick,8
quot,quot,11
larpi,larpi,1
attend,attend,1
tortur,tortur,2
outright,outright,3
fetish,fetish,1
stock,stock,1
middl,middl,2
contrast,contrast,2
gta,gta,1
fli,fli,7
respons,respons,16
prais,prais,3
stray,stray,1
cat,cat,1
ya,ya,3
buzzfe,buzzfe,1
josephbernstein,josephbernstein,1
edit,edit,12
tv,tv,2
propaganda,propaganda,21
coercion,coercion,1
repli,repli,8
avoid,avoid,5
congress,congress,1
iter,iter,1
emblemat,emblemat,1
flagrant,flagrant,1
disregard,disregard,2
congression,congression,1
norm,norm,2
pass,pass,4
moreso,moreso,2
inclin,inclin,1
invit,invit,1
smart,smart,2
replac,replac,14
underground,underground,1
redoubl,redoubl,1
effort,effort,6
viewpoint,viewpoint,4
union,union,8
walk,walk,10
regalia,regalia,2
scheme,scheme,1
small,small,12
number,number,17
nah,nah,4
mate,mate,3
radic,radic,8
gone,gone,4
mistaken,mistaken,3
banon,banon,1
obama,obama,3
silli,silli,6
anon,anon,1
revolutionari,revolutionari,1
winger,winger,16
ethnost,ethnost,1
realis,realis,3
promot,promot,6
restrict,restrict,1
civic,civic,1
tho,tho,2
polish,polish,1
poland,poland,3
nonsens,nonsens,3
regurgit,regurgit,2
revisionist,revisionist,1
open,open,14
despis,despis,1
inconsist,inconsist,1
moder,moder,3
regardless,regardless,7
leader,leader,5
assert,assert,1
purg,purg,3
etc,etc,10
scale,scale,2
rail,rail,1
hub,hub,1
enter,enter,1
ainâ€™t,ainâ€™t,3
concern,concern,8
offenc,offenc,1
law,law,8
broken,broken,1
came,came,15
adolf,adolf,1
less,less,17
obnoxi,obnoxi,1
voic,voic,3
neighbor,neighbor,2
night,night,3
somebodi,somebodi,7
overt,overt,1
dictat,dictat,2
gain,gain,11
traction,traction,1
per,per,4
creat,creat,8
million,million,17
jump,jump,2
conclus,conclus,7
tini,tini,2
minor,minor,10
weaker,weaker,1
lesser,lesser,5
hid,hid,1
grandma,grandma,1
huge,huge,4
speak,speak,15
miss,miss,9
alreadi,alreadi,17
shown,shown,4
cute,cute,2
subreddit,subreddit,4
link,link,8
count,count,5
abort,abort,1
secret,secret,5
crypto,crypto,2
goe,goe,11
eg,eg,1
inher,inher,8
weâ€™r,weâ€™r,1
slught,slught,1
bigger,bigger,2
prioriti,prioriti,2
ahead,ahead,5
jailfor,jailfor,3
assault,assault,12
happi,happi,7
gop,gop,2
demonstr,demonstr,2
loosen,loosen,1
longer,longer,3
whoâ€™,whoâ€™,1
zero,zero,3
nationwid,nationwid,1
largest,largest,3
practic,practic,4
20th,20th,1
centuri,centuri,1
film,film,2
77,77,1
cold,cold,2
prospect,prospect,1
blown,blown,2
denial,denial,3
tabl,tabl,2
fundament,fundament,3
consensus,consensus,1
1941,1941,1
takeaway,takeaway,1
gotten,gotten,5
be,be,1
perfect,perfect,8
paint,paint,7
continu,continu,5
spanish,spanish,1
civil,civil,3
dystopian,dystopian,1
resist,resist,13
jesus,jesus,2
christ,christ,1
colour,colour,2
space,space,3
underestim,underestim,1
gorka,gorka,1
tie,tie,5
hungari,hungari,1
emigr,emigr,1
honest,honest,11
street,street,15
comfort,comfort,2
minim,minim,2
bar,bar,5
insist,insist,3
dimens,dimens,1
dislodg,dislodg,1
institut,institut,2
virus,virus,1
strongest,strongest,1
condon,condon,1
safer,safer,1
broader,broader,1
udnerstand,udnerstand,1
sic,sic,1
note,note,6
survey,survey,5
6,6,2
deduct,deduct,1
skill,skill,2
conquer,conquer,7
marx,marx,3
ambigu,ambigu,1
verbatim,verbatim,2
dnc,dnc,4
hack,hack,3
hillari,hillari,6
isnâ€™t,isnâ€™t,6
wellllll,wellllll,1
transpar,transpar,1
treati,treati,1
hiv,hiv,2
high,high,2
20,20,5
saw,saw,6
untru,untru,2
legal,legal,2
magic,magic,2
potion,potion,1
slow,slow,2
various,various,2
logic,logic,6
destruct,destruct,1
conflict,conflict,1
swing,swing,1
goal,goal,6
studi,studi,1
prove,prove,13
end,end,9
concurr,concurr,1
hysteria,hysteria,3
close,close,7
e,e,3
resembl,resembl,2
habit,habit,1
hear,hear,15
kia,kia,1
outrag,outrag,15
promis,promis,2
visibl,visibl,1
thus,thus,5
influenti,influenti,2
eventu,eventu,1
motiv,motiv,5
unwil,unwil,3
cool,cool,5
function,function,4
luck,luck,1
monarchist,monarchist,1
literari,literari,1
grow,grow,3
reflect,reflect,2
whathaveyou,whathaveyou,1
margin,margin,2
goddamn,goddamn,5
lockstep,lockstep,1
programm,programm,1
anarchist,anarchist,2
communism,communism,13
commi,commi,11
lmao,lmao,4
iâ€™ll,iâ€™ll,1
soon,soon,1
shitti,shitti,6
poe,poe,1
recent,recent,17
buzzword,buzzword,1
breed,breed,1
howev,howev,13
cancel,cancel,2
proof,proof,4
cast,cast,1
retweet,retweet,1
mike,mike,1
holden,holden,1
latest,latest,3
a7894131,a7894131,1
piss,piss,17
reliabl,reliabl,1
sourc,sourc,5
releas,releas,8
toler,toler,4
inconceiv,inconceiv,1
challeng,challeng,3
ah,ah,3
muslim,muslim,3
nap,nap,1
rant,rant,2
3,3,14
size,size,1
handl,handl,1
friend,friend,6
congratul,congratul,1
trade,trade,3
unionist,unionist,2
memor,memor,1
snippet,snippet,1
gang,gang,4
hooligan,hooligan,1
serv,serv,3
token,token,1
econom,econom,1
famous,famous,2
whine,whine,2
â€œmake,â€œmake,1
vitriol,vitriol,1
defenc,defenc,1
forcibl,forcibl,1
remov,remov,13
spectrum,spectrum,3
stalin,stalin,4
bait,bait,4
canâ€™t,canâ€™t,1
theme,theme,3
add,add,4
ii,ii,2
cooler,cooler,1
nazisaresnowflakestoo,nazisaresnowflakestoo,1
ideologu,ideologu,2
orthodox,orthodox,1
umm,umm,1
plot,plot,4
bread,bread,1
meanwhil,meanwhil,2
stormer,stormer,1
scum,scum,7
downvot,downvot,5
ban,ban,3
display,display,4
manner,manner,4
forgot,forgot,2
europ,europ,7
instil,instil,2
shhhh,shhhh,2
hush,hush,1
tear,tear,2
sleep,sleep,1
citizenri,citizenri,1
volksgemeinschaft,volksgemeinschaft,1
communiti,communiti,2
tradit,tradit,2
valu,valu,6
gameâ€™,gameâ€™,1
portray,portray,8
â€œreal,â€œreal,1
americansâ€,americansâ€,1
dealt,dealt,1
larp,larp,1
whop,whop,1
mine,mine,5
btw,btw,2
thank,thank,10
websit,websit,1
week,week,6
further,further,1
narrat,narrat,8
lean,lean,9
break,break,2
mainstream,mainstream,4
huffingtonpost,huffingtonpost,1
gay,gay,3
workersâ€™,workersâ€™,1
buyer,buyer,2
potenti,potenti,3
product,product,7
basement,basement,2
quiet,quiet,4
church,church,1
mous,mous,1
sob,sob,1
athlet,athlet,1
categor,categor,1
asham,asham,2
wherea,wherea,1
~~we~~,~~we~~,1
fals,fals,8
home,home,3
ration,ration,5
assumpt,assumpt,4
carri,carri,13
democrat,democrat,23
republ,republ,1
estim,estim,2
heaven,heaven,2
forbid,forbid,2
eleph,eleph,2
dem,dem,3
spin,spin,4
tl,tl,1
dr,dr,1
methink,methink,1
often,often,4
ppl,ppl,1
vet,vet,1
didnt,didnt,4
torch,torch,4
angel,angel,1
lowrid,lowrid,1
list,list,2
insan,insan,2
disagr,disagr,2
may,may,6
worker,worker,4
bannon,bannon,1
tomorrow,tomorrow,1
thereâ€™,thereâ€™,2
rã¶hm,rã¶hm,1
putsch,putsch,1
june,june,1
juli,juli,1
wordpress,wordpress,1
04,04,1
bel,bel,1
2010,2010,1
privatizations1,privatizations1,1
pdf,pdf,1
immigr,immigr,7
flaw,flaw,1
cosmet,cosmet,1
travel,travel,3
joke,joke,9
highest,highest,1
repercuss,repercuss,1
funnier,funnier,1
silenc,silenc,5
weaken,weaken,2
â¯,â¯,4
ãƒ„,ãƒ„,2
ohhh,ohhh,1
alright,alright,2
digit,digit,2
sugar,sugar,1
ring,ring,1
blm,blm,7
pantifa,pantifa,1
sow,sow,1
attract,attract,4
most,most,9
appropri,appropri,2
bum,bum,1
bang,bang,1
theori,theori,3
anyway,anyway,5
tfw,tfw,1
minefield,minefield,1
misogyni,misogyni,1
dare,dare,4
intellectu,intellectu,2
consist,consist,5
racial,racial,3
supremasist,supremasist,1
firm,firm,2
parodi,parodi,7
versus,versus,3
element,element,4
billi,billi,1
slight,slight,2
cupodcast,cupodcast,1
brought,brought,3
boogieman,boogieman,1
christian,christian,1
aryan,aryan,5
cooper,cooper,1
distrust,distrust,1
metro,metro,1
switch,switch,1
tldr,tldr,2
suck,suck,4
present,present,5
built,built,4
intent,intent,8
shootin,shootin,1
donald,donald,7
afraid,afraid,4
commonplac,commonplac,1
leadership,leadership,1
whether,whether,9
readi,readi,1
blow,blow,6
dual,dual,2
wield,wield,1
shotgun,shotgun,3
everybodi,everybodi,5
occult,occult,2
cyborg,cyborg,2
fist,fist,1
pride,pride,1
boogymen,boogymen,1
translat,translat,2
peac,peac,7
clariti,clariti,1
sieg,sieg,1
heil,heil,3
mad,mad,16
sweeti,sweeti,1
irl,irl,2
crook,crook,2
diminish,diminish,1
wringer,wringer,1
waiv,waiv,1
drunk,drunk,3
wholesal,wholesal,1
unless,unless,11
q,q,2
lnms,lnms,1
tbm,tbm,1
piec,piec,8
hundr,hundr,7
earth,earth,3
motto,motto,1
wolf2,wolf2,3
organz,organz,1
cuckthesda,cuckthesda,1
peach,peach,1
sjws,sjws,7
ruin,ruin,2
smh,smh,1
averag,averag,4
joe,joe,1
blue,blue,3
collar,collar,1
consum,consum,1
cryptofascist,cryptofascist,1
screech,screech,2
codww2,codww2,1
appeal,appeal,4
judgement,judgement,2
describ,describ,8
paragraph,paragraph,2
blazkowicz,blazkowicz,1
dev,dev,4
gamer,gamer,4
newsweek,newsweek,2
publish,publish,1
stir,stir,9
complic,complic,1
theyâ€™r,theyâ€™r,7
wtf,wtf,4
gee,gee,1
whiz,whiz,1
wit,wit,3
remot,remot,1
encourag,encourag,4
manufactur,manufactur,1
drew,drew,1
fantasi,fantasi,1
creativ,creativ,1
bush,bush,2
durrrr,durrrr,1
distast,distast,1
90s,90s,3
disingenu,disingenu,4
affect,affect,1
pop,pop,2
previous,previous,4
john,john,1
bob,bob,2
omg,omg,2
pretend,pretend,8
agenda,agenda,4
bullshit,bullshit,17
robo,robo,1
stormfront,stormfront,2
unfair,unfair,8
distanc,distanc,4
shouldnt,shouldnt,2
cheer,cheer,2
treat,treat,5
presed,presed,1
precis,precis,2
blitzkrieg,blitzkrieg,1
wouldnt,wouldnt,3
fring,fring,5
bet,bet,3
99999,99999,1
nerd,nerd,1
virtu,virtu,2
signal,signal,2
vocal,vocal,5
barb,barb,1
reinforc,reinforc,1
castl,castl,1
2000,2000,1
frame,frame,2
crap,crap,2
pol,pol,5
35,35,1
woodwork,woodwork,1
subt,subt,2
antisemit,antisemit,1
gripe,gripe,1
obv,obv,1
expand,expand,3
beyond,beyond,3
folk,folk,6
vp,vp,1
passag,passag,1
sometim,sometim,2
progress,progress,4
length,length,3
shouldnâ€™t,shouldnâ€™t,2
unprovok,unprovok,2
bandi,bandi,1
ascrib,ascrib,1
affili,affili,4
biggest,biggest,1
relev,relev,9
outlet,outlet,1
san,san,2
francisco,francisco,1
nut,nut,5
tendenc,tendenc,2
ima,ima,1
clever,clever,1
bear,bear,3
confus,confus,6
whip,whip,1
frenzi,frenzi,1
reign,reign,1
xboxon,xboxon,2
interpret,interpret,3
nerdi,nerdi,1
sensationalist,sensationalist,1
garbag,garbag,3
propag,propag,2
problemat,problemat,3
express,express,7
monger,monger,1
amerika,amerika,1
facist,facist,3
youtu,youtu,1
fgujx5mkgxk,fgujx5mkgxk,1
authoritarian,authoritarian,5
politician,politician,4
bravo,bravo,1
polici,polici,9
tag,tag,1
busi,busi,3
em,em,3
pr,pr,5
web,web,1
respond,respond,10
wholeheart,wholeheart,1
loud,loud,2
embrac,embrac,5
cynic,cynic,1
gasket,gasket,2
surf,surf,1
imdb,imdb,1
tt0094077,tt0094077,1
purchas,purchas,1
contrarian,contrarian,2
conspiraci,conspiraci,2
crucifi,crucifi,1
last,last,13
sting,sting,1
wonâ€™t,wonâ€™t,1
homosexu,homosexu,1
marri,marri,1
latch,latch,1
ingrain,ingrain,1
confederaci,confederaci,2
pro,pro,17
capit,capit,4
breath,breath,2
air,air,1
appl,appl,2
increas,increas,4
10,10,6
volum,volum,1
rewrot,rewrot,2
vers,vers,1
compel,compel,1
discont,discont,1
franchis,franchis,1
magnitud,magnitud,2
imgur,imgur,2
eyunc,eyunc,1
jpg,jpg,1
sheep,sheep,1
elect,elect,6
tribal,tribal,2
found,found,4
censorship,censorship,2
imag,imag,1
ilk,ilk,1
strength,strength,3
correl,correl,7
inject,inject,1
provok,provok,1
spread,spread,2
onlin,onlin,8
se,se,3
politicis,politicis,1
referenc,referenc,2
journalist,journalist,4
jontron,jontron,1
cover,cover,2
facisn,facisn,1
faction,faction,7
west,west,2
softwork,softwork,2
produc,produc,2
empow,empow,2
stunt,stunt,2
succeed,succeed,1
evolv,evolv,2
fake,fake,10
clichã©d,clichã©d,1
indi,indi,2
male,male,1
protagonist,protagonist,2
jungl,jungl,1
steal,steal,1
treasur,treasur,1
indiana,indiana,1
jone,jone,1
steven,steven,1
spielberg,spielberg,1
pot,pot,7
abl,abl,1
wannab,wannab,3
74lssx,74lssx,2
usual,usual,4
crow,crow,1
bogey,bogey,1
relay,relay,1
studio,studio,2
complaint,complaint,3
demon,demon,5
forev,forev,2
0,0,2
holi,holi,3
x,x,3
exploit,exploit,1
constru,constru,1
react,react,3
bodi,bodi,3
gameplay,gameplay,2
~~great~~,~~great~~,1
drink,drink,1
koolaid,koolaid,1
shithol,shithol,1
reus,reus,2
bulk,bulk,1
passion,passion,1
receiv,receiv,1
heat,heat,1
alleg,alleg,2
ball,ball,2
bore,bore,1
genr,genr,2
spokesperson,spokesperson,1
low,low,2
audienc,audienc,2
invad,invad,4
strategi,strategi,4
fart,fart,1
elev,elev,1
refus,refus,6
wind,wind,1
nth,nth,1
degre,degre,2
muddi,muddi,3
water,water,3
uproar,uproar,1
summer,summer,1
otherwis,otherwis,4
destigmatis,destigmatis,1
greatest,greatest,2
destroy,destroy,1
proud,proud,5
spout,spout,4
brave,brave,1
typic,typic,2
fps,fps,3
trash,trash,4
unasham,unasham,1
dog,dog,4
tip,tip,1
again~~,again~~,6
1981,1981,1
10th,10th,1
mutti,mutti,1
femal,femal,4
boss,boss,1
infer,infer,3
shooter,shooter,1
skinhead,skinhead,1
80s,80s,1
strict,strict,1
moot,moot,3
basebal,basebal,2
perpetr,perpetr,1
crimin,crimin,3
repugn,repugn,2
pollut,pollut,1
gene,gene,1
pool,pool,3
sever,sever,4
fault,fault,4
replic,replic,1
accur,accur,3
apologis,apologis,1
benjamin,benjamin,1
franklin,franklin,2
modifi,modifi,1
conform,conform,1
greater,greater,1
psuedo,psuedo,1
unlucki,unlucki,1
nowher,nowher,4
thi,thi,1
ultra,ultra,1
contradict,contradict,1
equivoc,equivoc,2
freudian,freudian,1
drawn,drawn,1
grant,grant,1
due,due,2
liken,liken,9
adapt,adapt,1
witch,witch,1
hunt,hunt,1
chief,chief,1
paraphernalia,paraphernalia,2
sat,sat,1
fenc,fenc,1
rebrand,rebrand,2
scrutin,scrutin,1
chanc,chanc,4
xyz,xyz,1
southern,southern,2
larger,larger,6
â€,â€,2
fightsâ€,fightsâ€,1
parent,parent,1
horrifi,horrifi,2
screen,screen,1
banish,banish,1
wolf3d,wolf3d,1
vilif,vilif,1
ironi,ironi,6
meet,meet,2
verifi,verifi,1
anonym,anonym,1
cring,cring,1
liiik,liiik,1
territori,territori,1
wartim,wartim,1
colbert,colbert,1
constant,constant,6
branch,branch,1
savvi,savvi,1
lefti,lefti,3
dehumin,dehumin,1
brand,brand,4
1992,1992,1
stamp,stamp,1
respect,respect,6
negat,negat,3
troubl,troubl,4
broaden,broaden,5
disenfranchis,disenfranchis,1
disturb,disturb,3
technic,technic,5
demand,demand,3
mop,mop,1
eat,eat,5
plain,plain,3
occas,occas,3
transit,transit,1
properti,properti,1
misunderstand,misunderstand,1
chocol,chocol,5
entertain,entertain,3
pushback,pushback,2
doubl,doubl,1
hitch,hitch,2
wagon,wagon,3
press,press,1
click,click,1
generat,generat,2
crosspost,crosspost,1
pepe,pepe,3
nobil,nobil,1
brutal,brutal,4
status,status,2
subset,subset,3
reflex,reflex,2
adjac,adjac,1
section,section,1
newsworthi,newsworthi,1
final,final,6
c,c,1
oppon,oppon,10
yea,yea,1
galvan,galvan,1
proclaim,proclaim,2
notic,notic,4
decent,decent,1
copi,copi,2
metaphor,metaphor,1
somewher,somewher,2
ark,ark,1
melt,melt,1
subtext,subtext,1
book,book,7
apolit,apolit,2
widen,widen,1
meaningless,meaningless,2
shower,shower,1
tone,tone,1
justic,justic,6
milquetoast,milquetoast,1
miniscul,miniscul,1
month,month,3
supremeci,supremeci,1
realist,realist,1
fiscal,fiscal,2
inform,inform,3
naziism,naziism,2
valid,valid,3
extens,extens,1
frighten,frighten,1
redund,redund,1
zombi,zombi,1
lay,lay,2
convinc,convinc,2
regard,regard,6
accuraci,accuraci,1
drown,drown,2
63,63,2
glorious,glorious,1
paul,paul,3
ryan,ryan,2
hip,hip,2
countless,countless,1
trip,trip,1
decri,decri,5
opportun,opportun,1
heritag,heritag,1
immedi,immedi,6
religi,religi,3
allud,allud,6
light,light,4
veil,veil,1
batch,batch,1
asshol,asshol,3
adult,adult,1
antithet,antithet,1
reson,reson,1
subgroup,subgroup,1
subconsci,subconsci,1
attribut,attribut,1
assembl,assembl,2
relax,relax,1
hyster,hyster,1
dinner,dinner,1
figur,figur,4
toss,toss,1
7,7,2
iranian,iranian,2
destini,destini,1
40,40,4
exagger,exagger,1
remind,remind,6
nonconform,nonconform,1
n,n,2
fantast,fantast,1
depict,depict,2
guilti,guilti,3
conscienc,conscienc,2
equival,equival,6
partial,partial,1
sarcasm,sarcasm,2
â€¦,â€¦,1
stricter,stricter,1
rule,rule,4
israel,israel,1
sane,sane,1
symbol,symbol,10
preach,preach,3
foreign,foreign,2
uncheck,uncheck,1
reread,reread,1
straight,straight,3
card,card,4
mom,mom,1
kept,kept,2
drop,drop,6
taught,taught,1
j,j,3
surfac,surfac,1
dismiss,dismiss,3
flexibl,flexibl,1
inflex,inflex,1
bill,bill,3
clinton,clinton,4
soak,soak,1
euphemist,euphemist,1
delay,delay,1
contort,contort,1
pretzel,pretzel,1
reevalu,reevalu,3
60,60,4
leap,leap,1
hiel,hiel,1
root,root,2
fix,fix,1
sexual,sexual,2
apologist,apologist,5
burn,burn,2
uptak,uptak,1
punk,punk,2
scene,scene,2
stay,stay,2
abcnew,abcnew,2
tattoo,tattoo,2
friendship,friendship,2
id,id,3
trust,trust,1
disclaim,disclaim,1
worship,worship,2
contemporari,contemporari,1
whoever,whoever,3
killer,killer,3
esqu,esqu,4
lotta,lotta,1
skip,skip,1
conjunct,conjunct,2
hot,hot,3
button,button,1
bs,bs,2
privat,privat,2
sector,sector,1
sore,sore,1
ploy,ploy,1
aisl,aisl,1
alik,alik,1
damag,damag,4
gymnast,gymnast,2
clame,clame,1
applic,applic,1
retard,retard,4
coupl,coupl,3
seiz,seiz,1
occur,occur,1
incid,incid,1
kernel,kernel,1
design,design,4
bashthefash,bashthefash,1
weakest,weakest,1
hesit,hesit,2
materi,materi,1
rub,rub,1
lone,lone,1
grasp,grasp,2
straw,straw,2
537012,537012,1
dozen,dozen,2
marginalis,marginalis,1
pathet,pathet,2
explos,explos,1
known,known,8
reagan,reagan,1
larper,larper,1
saliv,saliv,1
bark,bark,1
dig,dig,1
definet,definet,1
cancer,cancer,2
sci,sci,3
fi,fi,2
simliar,simliar,1
haircut,haircut,2
attent,attent,5
librulz,librulz,1
spade,spade,2
logo,logo,1
conveni,conveni,3
activis,activis,1
overtaken,overtaken,1
altright,altright,1
laugh,laugh,3
dragarius,dragarius,1
upon,upon,2
presum,presum,2
detail,detail,1
bro,bro,2
spring,spring,1
terror,terror,5
job,job,4
tad,tad,3
bias,bias,3
famili,famili,2
offic,offic,5
09,09,3
23,23,2
sjght8vcvvkpbjwmioreqn,sjght8vcvvkpbjwmioreqn,2
societyâ€™,societyâ€™,1
scapegoat,scapegoat,1
roll,roll,2
tongu,tongu,1
influenc,influenc,1
hypocrit,hypocrit,1
hatr,hatr,5
origin,origin,5
mobil,mobil,2
p,p,3
moment,moment,1
determin,determin,2
embolden,embolden,4
thatâ€™,thatâ€™,3
cathol,cathol,3
neonazi,neonazi,3
undercov,undercov,1
fbi,fbi,1
agent,agent,1
hide,hide,1
memori,memori,1
beaten,beaten,1
militarili,militarili,1
journal,journal,1
poke,poke,2
wet,wet,1
news,news,10
host,host,1
worthi,worthi,1
purest,purest,1
judg,judg,2
door,door,1
retort,retort,1
usâ€™,usâ€™,1
ugh,ugh,1
klansmen,klansmen,1
morn,morn,1
exclus,exclus,2
grand,grand,1
brettster,brettster,1
despic,despic,1
supporter,supporter,1
belong,belong,2
idealog,idealog,1
ect,ect,1
allianc,allianc,2
monster,monster,3
ussr,ussr,2
dissuad,dissuad,1
dialogu,dialogu,7
ten,ten,2
precious,precious,1
resourc,resourc,1
signifi,signifi,1
dogwhistl,dogwhistl,2
standin,standin,1
dramat,dramat,1
preval,preval,1
devil,devil,1
under,under,1
feed,feed,2
rank,rank,2
file,file,1
myth,myth,1
franc,franc,2
blitz,blitz,1
sequel,sequel,2
room,room,1
unequivoc,unequivoc,1
adopt,adopt,1
shot,shot,3
preorder,preorder,1
court,court,3
overrun,overrun,1
passiv,passiv,2
aggress,aggress,3
difficulti,difficulti,1
gasp,gasp,1
promin,promin,3
woah,woah,1
newspap,newspap,1
clip,clip,1
capitul,capitul,1
ip,ip,2
outfit,outfit,1
dylan,dylan,1
roof,roof,1
bedfellow,bedfellow,1
kafkatrap,kafkatrap,1
anxious,anxious,1
three,three,2
pal,pal,1
poetri,poetri,1
rioter,rioter,1
stood,stood,1
eschew,eschew,1
truth,truth,5
report,report,1
red,red,3
pill,pill,1
tard,tard,2
tiki,tiki,2
risk,risk,1
marcher,marcher,1
charlottsvill,charlottsvill,1
inde,inde,2
supremicist,supremicist,1
eas,eas,1
spot,spot,1
hypernationalist,hypernationalist,2
synonym,synonym,2
capitalist,capitalist,2
worst,worst,4
coin,coin,1
panel,panel,1
uncontroversi,uncontroversi,5
equal,equal,7
fan,fan,2
site,site,1
shave,shave,1
reeeee,reeeee,1
preemptiv,preemptiv,2
text,text,2
bravado,bravado,1
infiltr,infiltr,2
0000000000000001,0000000000000001,1
blur,blur,1
lenin,lenin,1
keen,keen,1
hat,hat,4
lunat,lunat,1
crumbl,crumbl,1
echo,echo,1
rebound,rebound,1
characterist,characterist,1
understood,understood,2
reduc,reduc,2
asian,asian,1
916075551382585344,916075551382585344,1
background,background,1
mecha,mecha,1
vandal,vandal,1
boogeyman,boogeyman,2
futur,futur,2
arrest,arrest,2
roman,roman,1
cesspool,cesspool,1
civilli,civilli,1
yiannopoulo,yiannopoulo,4
dawg,dawg,1
grammar,grammar,1
forgotten,forgotten,2
atroci,atroci,1
concentr,concentr,3
truli,truli,4
cannot,cannot,1
metastas,metastas,1
exempl,exempl,1
sizabl,sizabl,1
proport,proport,1
empathis,empathis,1
beliv,beliv,1
eugen,eugen,2
soviet,soviet,9
natur,natur,1
prey,prey,1
bipartisan,bipartisan,1
crack,crack,1
skull,skull,1
notion,notion,1
contest,contest,1
perman,perman,1
victimhood,victimhood,1
persecut,persecut,4
complex,complex,5
inspir,inspir,1
wut,wut,1
shriek,shriek,1
reserv,reserv,1
crystal,crystal,1
gather,gather,7
lgbt,lgbt,3
gratitud,gratitud,1
forgiv,forgiv,2
hornet,hornet,1
nest,nest,1
convert,convert,1
palat,palat,1
mass,mass,6
hijack,hijack,1
faster,faster,2
emot,emot,1
intens,intens,1
ackshual,ackshual,1
favor,favor,5
scorn,scorn,1
hill,hill,1
membership,membership,2
extrapol,extrapol,1
occasion,occasion,1
oblig,oblig,1
snope,snope,1
05,05,1
fit,fit,4
misunderstood,misunderstood,1
premis,premis,1
hospit,hospit,1
interrog,interrog,1
will,will,5
abil,abil,1
glass,glass,1
rad,rad,2
somewhat,somewhat,4
assign,assign,1
takeov,takeov,4
imperi,imperi,1
japan,japan,2
coincid,coincid,1
reiter,reiter,1
undeni,undeni,3
banner,banner,1
cope,cope,1
fail,fail,7
comprehens,comprehens,1
dnq3n7v,dnq3n7v,1
curbstomp,curbstomp,1
bite,bite,1
curb,curb,1
antifascist,antifascist,1
utm,utm,1
ehqm4p2q9x,ehqm4p2q9x,1
extent,extent,1
variat,variat,1
rear,rear,1
ha,ha,1
candid,candid,3
hail,hail,4
1000,1000,1
communic,communic,1
mexican,mexican,2
option,option,2
arenâ€™t,arenâ€™t,3
citi,citi,5
extermin,extermin,5
11,11,2
pedophil,pedophil,2
psycho,psycho,1
spew,spew,1
unoppos,unoppos,1
philosoph,philosoph,1
sentenc,sentenc,1
prison,prison,3
unrel,unrel,1
darn,darn,1
librul,librul,1
ack,ack,1
meatshield,meatshield,1
consequ,consequ,1
canada,canada,1
worthless,worthless,1
baseless,baseless,1
zenimax,zenimax,1
ander,ander,1
brevik,brevik,1
norway,norway,1
unholi,unholi,1
fusion,fusion,1
1950,1950,1
1979,1979,1
password,password,4
codeword,codeword,2
april,april,1
email,email,1
facebook,facebook,1
result,result,5
feign,feign,1
vehement,vehement,2
sanit,sanit,1
jack,jack,1
hoot,hoot,1
naval,naval,1
russian,russian,5
80,80,2
uk,uk,2
victori,victori,2
africa,africa,2
loss,loss,1
access,access,1
oil,oil,1
basket,basket,1
deplor,deplor,3
sale,sale,3
threaten,threaten,2
student,student,1
th,th,1
blanket,blanket,1
wager,wager,1
road,road,1
hyper,hyper,2
rove,rove,2
squad,squad,1
incorrect,incorrect,1
toll,toll,1
fold,fold,1
higher,higher,4
whitest,whitest,1
implic,implic,3
plausibl,plausibl,1
deniabl,deniabl,1
yup,yup,1
selfinflict,selfinflict,1
standpoint,standpoint,1
grew,grew,1
textbook,textbook,2
whatabout,whatabout,1
your,your,3
duck,duck,3
grave,grave,1
adher,adher,1
relationship,relationship,1
scenario,scenario,2
specul,specul,1
emul,emul,1
band,band,2
redpil,redpil,1
asap,asap,1
guis,guis,2
invas,invas,2
substitut,substitut,1
gamedev,gamedev,1
deutschland,deutschland,1
erst,erst,1
stuff,stuff,4
elder,elder,1
scroll,scroll,2
genuin,genuin,1
sub,sub,3
cycl,cycl,1
fuel,fuel,2
lololol,lololol,1
check,check,3
barbarian,barbarian,1
roter,roter,1
wrote,wrote,1
surviv,surviv,1
guilt,guilt,2
backward,backward,1
dissent,dissent,2
code,code,1
dwarf,dwarf,1
numer,numer,1
depress,depress,1
easier,easier,1
demonis,demonis,1
hyberbol,hyberbol,1
faith,faith,2
subhuman,subhuman,2
1920s,1920s,1
omnicid,omnicid,1
trait,trait,1
preclud,preclud,1
stroke,stroke,1
artifici,artifici,1
factual,factual,1
scientist,scientist,4
amnesti,amnesti,1
compet,compet,1
semi,semi,1
wall,wall,1
whistl,whistl,2
upstand,upstand,1
whatsoev,whatsoev,1
agaisnt,agaisnt,1
outspoken,outspoken,1
brigadi,brigadi,1
overus,overus,2
wore,wore,1
rel,rel,1
compani,compani,1
instig,instig,1
aswel,aswel,1
shithead,shithead,1
advanc,advanc,8
intoler,intoler,1
beg,beg,1
retel,retel,1
pov,pov,1
weeeell,weeeell,2
noon,noon,2
backa,backa,1
whenev,whenev,1
utr,utr,2
shock,shock,1
leftw,leftw,1
entireti,entireti,3
trumpist,trumpist,1
boom,boom,1
abund,abund,1
closet,closet,1
anfita,anfita,1
massiv,massiv,4
overreact,overreact,1
rfb,rfb,1
nyt,nyt,1
haha,haha,1
hmm,hmm,1
assur,assur,1
dumbass,dumbass,2
mutual,mutual,1
goon,goon,2
discov,discov,1
champ,champ,1
whataboutis,whataboutis,1
downplay,downplay,1
fool,fool,2
organis,organis,3
kristiansand,kristiansand,1
norwegian,norwegian,1
interview,interview,1
dossier,dossier,1
creator,creator,1
lawl,lawl,1
evolut,evolut,1
sexist,sexist,3
typo,typo,1
tough,tough,1
routin,routin,1
build,build,3
achiev,achiev,2
stick,stick,1
verg,verg,1
arrog,arrog,1
paranoia,paranoia,1
unamerican,unamerican,1
un,un,1
gleefulli,gleefulli,1
pertain,pertain,1
suit,suit,1
populist,populist,1
kneel,kneel,1
bridg,bridg,1
brooklyn,brooklyn,1
inb4,inb4,1
nonam,nonam,1
tumblr,tumblr,1
gatekeep,gatekeep,1
blaz,blaz,1
vegetarian,vegetarian,1
languag,languag,1
chain,chain,1
np,np,1
mussolini,mussolini,1
distinguish,distinguish,1
slant,slant,2
fa,fa,3
~150,~150,1
preposter,preposter,1
divis,divis,1
scandinavia,scandinavia,1
born,born,2
voluntari,voluntari,1
conspir,conspir,1
weimar,weimar,1
task,task,1
moreov,moreov,1
domest,domest,1
smuggl,smuggl,1
rocketri,rocketri,1
technolog,technolog,3
disconcert,disconcert,1
collector,collector,1
intrest,intrest,1
abhorr,abhorr,2
someln,someln,2
bruis,bruis,1
minist,minist,1
apologet,apologet,1
rampant,rampant,1
foothold,foothold,1
amongst,amongst,1
rebuk,rebuk,1
contact,contact,1
fam,fam,1
alla,alla,1
reffer,reffer,1
harmless,harmless,1
exercis,exercis,1
alphahistori,alphahistori,1
instinct,instinct,1
whos,whos,1
charlottesevill,charlottesevill,1
cop,cop,1
slam,slam,1
test,test,1
urg,urg,1
earlier,earlier,4
xenophob,xenophob,1
nacion,nacion,1
fill,fill,2
deriv,deriv,1
beorgois,beorgois,1
monopoli,monopoli,1
period,period,1
9,9,1
outnumb,outnumb,1
hominem,hominem,3
recal,recal,2
insignific,insignific,1
addit,addit,1
pre,pre,2
1933,1933,1
pedant,pedant,1
demean,demean,1
announc,announc,1
shine,shine,1
ethic,ethic,1
multipl,multipl,4
rage,rage,1
disrupt,disrupt,1
boil,boil,1
mr,mr,1
quack,quack,1
spesif,spesif,1
move,move,2
umbrella,umbrella,2
nationalis,nationalis,2
focus,focus,2
existenti,existenti,1
primarili,primarili,1
sole,sole,1
sander,sander,3
suspici,suspici,1
absent,absent,1
invok,invok,4
charleston,charleston,1
recind,recind,1
rightwing,rightwing,1
knowledg,knowledg,2
bolshevik,bolshevik,1
sway,sway,1
prevent,prevent,5
tast,tast,2
wedg,wedg,1
cant,cant,1
misidentifi,misidentifi,1
green,green,1
stomp,stomp,2
queen,queen,1
jezza,jezza,1
prosecut,prosecut,1
mastermind,mastermind,1
thick,thick,3
misrepres,misrepres,1
favorit,favorit,1
isnt,isnt,1
62,62,1
freak,freak,2
goober,goober,1
2008,2008,1
incongru,incongru,1
rlz,rlz,1
1c1chbf,1c1chbf,1
gbgb701gb702,gbgb701gb702,1
oq,oq,1
pander,pander,1
rabid,rabid,1
dishonest,dishonest,1
preciat,preciat,1
jackass,jackass,1
hungarian,hungarian,1
father,father,1
disavow,disavow,1
uncertain,uncertain,1
exempt,exempt,1
beget,beget,1
admir,admir,2
threw,threw,1
gulag,gulag,1
impact,impact,1
foregon,foregon,1
network,network,1
fewer,fewer,2
novemb,novemb,1
dishonesti,dishonesti,1
secur,secur,1
swjs,swjs,1
prepar,prepar,1
shtick,shtick,1
scummier,scummier,1
whoa,whoa,1
aggrav,aggrav,1
mid,mid,4
moon,moon,3
dis,dis,1
litter,litter,1
beleiv,beleiv,1
grown,grown,1
boner,boner,1
whatsofuckingev,whatsofuckingev,1
notch,notch,2
older,older,1
calm,calm,1
tit,tit,1
susan,susan,1
politica,politica,1
ami,ami,1
naiz,naiz,1
east,east,1
apparatus,apparatus,1
behold,behold,1
villain,villain,4
teas,teas,1
zmtxsu9,zmtxsu9,1
png,png,1
jour,jour,1
regan,regan,1
pc,pc,2
90,90,1
spoiler,spoiler,1
do0izh4,do0izh4,1
3958690,3958690,1
hello,hello,1
insinu,insinu,2
mario,mario,1
glorif,glorif,1
tech,tech,3
exterior,exterior,1
stole,stole,1
stolen,stolen,1
scapego,scapego,1
succes,succes,1
cartooni,cartooni,4
ws,ws,2
cringey,cringey,1
1970s,1970s,1
pete,pete,1
ident,ident,1
seventi,seventi,2
mess,mess,2
slav,slav,3
moan,moan,1
intellig,intellig,1
requir,requir,1
drumpf,drumpf,2
dumbtard,dumbtard,1
groundless,groundless,1
privileg,privileg,1
reckless,reckless,1
ancient,ancient,1
bitter,bitter,1
mouth,mouth,1
tno,tno,2
spawn,spawn,1
milo,milo,6
date,date,2
thumb,thumb,2
uncl,uncl,1
partisan,partisan,1
nomine,nomine,1
forbidden,forbidden,1
remark,remark,2
administr,administr,1
delusion,delusion,2
fat,fat,1
slyli,slyli,1
slip,slip,1
wreck,wreck,1
pay,pay,1
baffl,baffl,1
rocket,rocket,2
v2,v2,1
wernher,wernher,1
von,von,1
braun,braun,1
oper,oper,1
da,da,1
yichud,yichud,1
ayrian,ayrian,1
cult,cult,1
babi,babi,1
innit,innit,1
looni,looni,3
sooner,sooner,1
catch,catch,1
combust,combust,1
dolland,dolland,1
headach,headach,1
werenâ€™t,werenâ€™t,1
sold,sold,2
dieselpunk,dieselpunk,1
fanat,fanat,1
wash,wash,1
cutesi,cutesi,1
uproot,uproot,1
tweeter,tweeter,1
panther,panther,1
grace,grace,1
impress,impress,1
research,research,1
1st,1st,1
60s,60s,1
arguement,arguement,1
lamb,lamb,1
crawl,crawl,1
coast,coast,2
12,12,1
overst,overst,1
berni,berni,2
whilst,whilst,1
flame,flame,1
vidya,vidya,1
bug,bug,1
reput,reput,1
wouldnâ€™t,wouldnâ€™t,2
tar,tar,1
canon,canon,1
65,65,1
roam,roam,1
happili,happili,2
con,con,2
karoak,karoak,1
accord,accord,2
waaaaah,waaaaah,1
waaaah,waaaah,1
balloon,balloon,1
karaok,karaok,1
ctrl,ctrl,1
fulfil,fulfil,1
propheci,propheci,1
youâ€™d,youâ€™d,1
inflat,inflat,1
dt,dt,1
meme,meme,3
stoog,stoog,1
~~the,~~the,1
children~~,children~~,1
bruh,bruh,1
ride,ride,1
wolfenstein​,wolfenstein​,1
smear,smear,2
bag,bag,1
deliber,deliber,2
madea,madea,1
voiceov,voiceov,1
bizarr,bizarr,1
ey,ey,1
puppet,puppet,1
whatchu,whatchu,1
smoke,smoke,2
sassi,sassi,2
mini,mini,1
unsubt,unsubt,1
overpow,overpow,1
flip,flip,1
inevit,inevit,1
lover,lover,1
blazko,blazko,2
util,util,1
hour,hour,2
caught,caught,1
while,while,1
bold,bold,1
colossus,colossus,1
brilliant,brilliant,1
king,king,1
jeez,jeez,1
ðÿ'ðÿ˜žðÿ'ðÿ˜žðÿ'ðÿ˜žðÿ'ðÿ˜žðÿ'ðÿ˜žðÿ',ðÿ'ðÿ˜žðÿ'ðÿ˜žðÿ'ðÿ˜žðÿ'ðÿ˜žðÿ'ðÿ˜žðÿ',1
resurg,resurg,2
vogu,vogu,1
drag,drag,1
oversatur,oversatur,1
there,there,1
featur,featur,1
fuckin,fuckin,1
suppord,suppord,2
heck,heck,2
approach,approach,1
cite,cite,1
nazifre,nazifre,1
dnzr9o6,dnzr9o6,1
mild,mild,2
shadi,shadi,1
merchant,merchant,1
warfram,warfram,1
sex,sex,1
reform,reform,1
trotski,trotski,2
specimen,specimen,2
necessit,necessit,1
generalplan,generalplan,1
ost,ost,1
front,front,2
compuls,compuls,1
anytim,anytim,1
nasser,nasser,1
itch,itch,1
io,io,1
900,900,1
rib,rib,1
200,200,1
hint,hint,1
butt,butt,1
scienc,scienc,1
character,character,1
mele,mele,1
redesign,redesign,1
lynch,lynch,2
carrot,carrot,1
costum,costum,1
employ,employ,1
steve,steve,1
churchil,churchil,1
disconnect,disconnect,1
bund,bund,3
connot,connot,1
incel,incel,1
sight,sight,3
nearsight,nearsight,1
blast,blast,1
star,star,1
asset,asset,1
imprison,imprison,1
denmark,denmark,1
angl,angl,1
devolv,devolv,1
trick,trick,1
analog,analog,1
ism,ism,1
lolwhut,lolwhut,2
td,td,1
everyday,everyday,1
~~basically~~,~~basically~~,1
madison,madison,1
retcon,retcon,1
ze,ze,1
land,land,1
arpaiao,arpaiao,1
failur,failur,1
supermacist,supermacist,1
rethink,rethink,1
14,14,1
depart,depart,1
launch,launch,1
dragon,dragon,1
xenovers,xenovers,1
slime,slime,1
gg,gg,2
unbeliev,unbeliev,1
coalit,coalit,1
spd,spd,1
plural,plural,1
32,32,1
quest,quest,1
empir,empir,1
abettor,abettor,1
gave,gave,1
permiss,permiss,1
cvill,cvill,1
horrif,horrif,2
â€œhelp,â€œhelp,1
electionâ€,electionâ€,1
daft,daft,1
mischaracter,mischaracter,2
coexist,coexist,1
grey,grey,1
area,area,1
conser,conser,1
fundrais,fundrais,2
ron,ron,2
ambit,ambit,1
healthcar,healthcar,1
commerci,commerci,1
zone,zone,1
clash,clash,1
weight,weight,1
idgaf,idgaf,1
dnziuqt,dnziuqt,1
protection,protection,1
hobo,hobo,1
blaskowitz,blaskowitz,1
ergo,ergo,2
expert,expert,3
strengthen,strengthen,1
incomplet,incomplet,1
â€œsmash,â€œsmash,1
nucleusâ€,nucleusâ€,1
liar,liar,1
prior,prior,2
vengeanc,vengeanc,1
outta,outta,1
timeless,timeless,1
fond,fond,1
backlash,backlash,1
global,global,1
tragic,tragic,1
champion,champion,1
struggl,struggl,1
nutcas,nutcas,1
met,met,1
lethal,lethal,1
heart,heart,1
blueprint,blueprint,1
wolfenstien,wolfenstien,2
delight,delight,1
2015,2015,1
fallen,fallen,1
overnight,overnight,1
frustrat,frustrat,1
twenti,twenti,1
iirc,iirc,1
mission,mission,1
remnant,remnant,1
idl,idl,1
suburban,suburban,1
antiqu,antiqu,1
shop,shop,1
memorabilia,memorabilia,1
josef,josef,1
mengel,mengel,1
marxism,marxism,2
meaning,meaning,1
damm,damm,2
digust,digust,1
stereo,stereo,1
reject,reject,1
bullcrap,bullcrap,1
park,park,1
museum,museum,1
chines,chines,1
honorari,honorari,2
chemic,chemic,1
gass,gass,1
virginia,virginia,1
notabl,notabl,1
worldview,worldview,1
ie,ie,1
domin,domin,1
revok,revok,1
nuke,nuke,1
benhil,benhil,1
insid,insid,1
fate,fate,1
opthamologist,opthamologist,1
charolettesvill,charolettesvill,1
shed,shed,1
puriti,puriti,1
utopian,utopian,1
vision,vision,1
vilifi,vilifi,1
imposs,imposs,1
broach,broach,1
slightest,slightest,1
rebutt,rebutt,1
um,um,1
foxnew,foxnew,1
secessionist,secessionist,1
comic,comic,1
upsid,upsid,1
fuckwit,fuckwit,1
natsoc,natsoc,1
strap,strap,1
provid,provid,1
uncontest,uncontest,1
captur,captur,1
r8437jusek,r8437jusek,2
6m43s,6m43s,1
societ,societ,1
scoff,scoff,1
cross,cross,1
is–whi,is–whi,1
aesthet,aesthet,1
avail,avail,1
investig,investig,1
pedophilia,pedophilia,1
condit,condit,1
historian,historian,1
blind,blind,1
traitor,traitor,1
fellow,fellow,1
match,match,1
advent,advent,1
statu,statu,3
method,method,1
grievanc,grievanc,1
float,float,2
proven,proven,1
semit,semit,1
flaunt,flaunt,1
violat,violat,1
key,key,1
remain,remain,1
currect,currect,1
4tadxfonsh,4tadxfonsh,1
marriag,marriag,1
iconographi,iconographi,1
mantra,mantra,1
monument,monument,1
master,master,1
mud,mud,1
pig,pig,1
